ID da Venda,Produto,Checkout,Id da Oferta,Oferta,Status da Venda,Comissão,Afiliado,Nome do Cliente,Email do Cliente,Telefone do Cliente,Data de Nascimento do Cliente,Tipo de Documento do Cliente,Número do Documento do Cliente,Método de Pagamento,Valor Base do Produto,Desconto,Valor Pago pelo Cliente,Taxas,Cupom de Desconto,Porcentagem de Desconto,Parcelas,Motivo de Recusa,Tipo do Produto,Venda Pai,Tipo da Venda,Data da Venda,Data de Pagamento,Data do Reembolso,Data do Chargeback,Data de Agendamento do Pagamento,Data de Cancelamento do Pagamento,Data estimada de Liberação,fbc - Pixel Facebook,fbp - Pixel Facebook,utm_source,utm_medium,utm_campaign,utm_term,utm_content,sck
2QPs9nj,FUSE OFICIAL,Checkout Principal,38b22rr,FUSE OFICIAL,paid,19.16,,Pricila Oliveira Rocha,pricilaoliveiras21@gmail.com,5521982256381,,cpf,15600463766,PIX,49.90,0.00,50.89,1.99,,,1,,Assinatura,,main,2026-09-30T19:23:56.508952-03:00,2026-09-30T19:24:37.111435-03:00,,,,,2026-09-30T19:23:59.345348-03:00,,,,,,,,
7H19tKK,FUSE OFICIAL,Checkout Principal,38b22rr,FUSE OFICIAL,paid,17.97,,Camilly Gerhardt Gerhardt,camillyleticiaramos@gmail.com,5548999391443,,cpf,03132525057,Cartão de Crédito,49.90,0.00,50.89,4.98,,,1,,Assinatura,,main,2026-09-29T11:56:26.266416-03:00,2026-09-29T11:56:34.548924-03:00,,,,,2026-10-01T11:56:30.269657-03:00,,,,,,,,
8gwfY7L,FUSE OFICIAL,Checkout Principal,38b22rr,FUSE OFICIAL,paid,18.97,,Isabelys dos Santos da Silva,bebelsantos534@gmail.com,5555996802247,,cpf,04320612078,Pix Automático,49.90,0.00,50.89,2.48,,,1,,Assinatura,,main,2026-09-29T06:03:26.377170-03:00,2026-09-29T06:03:57.869832-03:00,,,,,2026-09-29T06:03:29.346465-03:00,,,,,,,,
469vrMY,FUSE OFICIAL,Checkout Principal,38b22rr,FUSE OFICIAL,paid,17.97,,Jacqueline Mesquita,jacquelinemesqui@gmail.com,5574988153469,,cpf,86189375502,Cartão de Crédito,49.90,0.00,50.89,4.98,,,1,,Assinatura,,main,2026-09-28T23:20:46.764340-03:00,2026-09-28T23:20:53.729009-03:00,,,,,2026-09-30T23:20:49.617418-03:00,,,,,,,,
8X1Qfvb,FUSE OFICIAL,Checkout Principal,38b22rr,FUSE OFICIAL,paid,17.97,,Julia schaefer,juliaschaefer10@gmail.com,5547996495093,,cpf,07359869919,Cartão de Crédito,49.90,0.00,50.89,4.98,,,1,,Assinatura,,main,2026-09-28T23:07:06.147145-03:00,2026-09-28T23:07:12.854260-03:00,,,,,2026-09-30T23:07:08.981023-03:00,,,,,,,,
8jYLrxv,FUSE OFICIAL,Checkout Principal,38b22rr,FUSE OFICIAL,paid,19.16,,Aline Monteiro,monteiro20al@gmail.com,5521999700244,,cpf,13700326769,PIX,49.90,0.00,50.89,1.99,,,1,,Assinatura,,main,2026-09-20T19:52:33.878724-03:00,2026-09-20T19:53:39.510197-03:00,,,,,2026-09-20T19:52:36.788078-03:00,,,,,,,,
uA7LXf1,FUSE OFICIAL,Checkout Principal,38b22rr,FUSE OFICIAL,paid,19.16,,Luana Nunes da Cunha,nluana683@gmail.com,5511914871948,,cpf,42842621816,PIX,49.90,0.00,50.89,1.99,,,1,,Assinatura,,main,2026-09-19T19:23:11.656934-03:00,2026-09-19T19:23:38.895425-03:00,,,,,2026-09-19T19:23:14.496934-03:00,,,,,,,,
31Cnuqk,FUSE OFICIAL,Checkout Principal,38b22rr,FUSE OFICIAL,paid,19.16,,Julia Gabriele Paulino,jujugabriele.r@gmail.com,5511966322345,,cpf,49676224880,PIX,49.90,0.00,50.89,1.99,,,1,,Assinatura,,main,2026-09-19T13:51:18.779737-03:00,2026-09-19T13:52:01.121077-03:00,,,,,2026-09-19T13:51:21.775437-03:00,,,,,,,,
3FoGJvJ,FUSE OFICIAL,Checkout Principal,38b22rr,FUSE OFICIAL,paid,17.97,,Marcele Dias de Moura,demouramarcele@gmail.com,5581991816423,,cpf,10277677459,Cartão de Crédito,49.90,0.00,50.89,4.98,,,1,,Assinatura,,main,2026-09-19T08:23:44.018937-03:00,2026-09-19T08:23:52.127549-03:00,,,,,2026-09-21T08:23:46.888334-03:00,,,,,,,,
6AkZY9H,FUSE OFICIAL,Checkout Principal,38b22rr,FUSE OFICIAL,paid,19.16,,Larissa Silvestre,larissa_silvestre01@hotmail.com,5512996162252,,cpf,47017845838,PIX,49.90,0.00,50.89,1.99,,,1,,Assinatura,,main,2026-09-18T23:27:20.611398-03:00,2026-09-18T23:28:08.699978-03:00,,,,,2026-09-18T23:27:23.455854-03:00,,,,,,,,
5xuco6A,FUSE OFICIAL,Checkout Principal,38b22rr,FUSE OFICIAL,paid,18.97,,Lais Borges de Almeida,l.almeida1391@gmail.com,5511933025491,,cpf,38327527819,Pix Automático,49.90,0.00,50.89,2.48,,,1,,Assinatura,,main,2026-09-18T23:13:20.723120-03:00,2026-09-18T23:14:15.843986-03:00,,,,,2026-09-18T23:13:23.639302-03:00,,,,,,,,
4thUolU,FUSE OFICIAL,Checkout Principal,38b22rr,FUSE OFICIAL,paid,18.97,,Ana Carolyne Xavier dos Santos,carolyne.xavier@hotmail.com,5535999624900,,cpf,11840225696,Pix Automático,49.90,0.00,50.89,2.48,,,1,,Assinatura,,main,2026-09-18T23:06:04.506231-03:00,2026-09-18T23:09:53.186858-03:00,,,,,2026-09-18T23:06:07.434841-03:00,,,,,,,,
8YMPDmf,FUSE OFICIAL,Checkout Principal,38b22rr,FUSE OFICIAL,paid,18.97,,Beatriz Oliveira,enfabeatriz@outlook.com,5579999150723,,cpf,07111732570,Pix Automático,49.90,0.00,50.89,2.48,,,1,,Assinatura,,main,2026-09-18T22:46:50.624851-03:00,2026-09-18T22:47:31.126711-03:00,,,,,,,,,,,,,
61aluhS,FUSE OFICIAL,Checkout Principal,38b22rr,FUSE OFICIAL,paid,17.97,,Bruna Barbosa,itsbrubarbosa@gmail.com,5535910027376,,cpf,11048679667,Cartão de Crédito,49.90,0.00,50.89,4.98,,,1,,Assinatura,,main,2026-09-18T22:43:11.957046-03:00,2026-09-18T22:43:19.576617-03:00,,,,,2026-09-20T22:43:14.933142-03:00,,,,,,,,
6ex61xU,FUSE OFICIAL,Checkout Principal,38b22rr,FUSE OFICIAL,paid,17.97,,Albertina Benitz dos Santos,tininha.benitz@gmail.com,5513996513459,,cpf,38753895819,Cartão de Crédito,49.90,0.00,50.89,4.98,,,1,,Assinatura,,main,2026-09-18T22:27:19.815962-03:00,2026-09-18T22:27:26.985530-03:00,,,,,2026-09-20T22:27:22.718234-03:00,,,,,,,,
QJ8BkDl,FUSE OFICIAL,Checkout Principal,38b22rr,FUSE OFICIAL,paid,19.16,,Janielly da Silva Santos,janiellyssantos26@gmail.com,5584994506198,,cpf,12117325416,PIX,49.90,0.00,50.89,1.99,,,1,,Assinatura,,main,2026-09-18T21:49:59.646406-03:00,2026-09-18T21:50:31.399131-03:00,,,,,2026-09-18T21:50:02.635959-03:00,,,,,,,,
6CGjc1Q,FUSE OFICIAL,Checkout Principal,38b22rr,FUSE OFICIAL,paid,25.20,,Amariles Paloma Rodrigues,amariles_rodrigues@outlook.com,5549999605744,,cpf,08909808969,Pix Automático,65.80,0.00,66.79,2.80,,,1,,Assinatura,3oqQHk8,main,2026-09-12T08:03:19.694893-03:00,2026-09-21T03:55:09.904677-03:00,,,2026-09-20T22:56:28.910529-03:00,,2026-08-21T22:56:28.943547-03:00,,,,,,,,
2qJsV6D,FUSE OFICIAL,Checkout Principal,38b22rr,FUSE OFICIAL,paid,25.52,,Mirelli Lopes Vasconcelos,mirellihi@hotmail.com,5581987603268,,cpf,06663090437,PIX,65.80,0.00,66.79,1.99,,,1,,Assinatura,,main,2026-09-10T06:51:14.433348-03:00,2026-09-10T06:52:22.807716-03:00,,,,,2026-09-10T06:51:16.685119-03:00,,,,,,,,
5ua7XMH,FUSE OFICIAL,Checkout Principal,38b22rr,FUSE OFICIAL,paid,25.20,,Lidiane de Souza Santana dos Santos,souzalidiane03@gmail.com,5571984115591,,cpf,07386359527,Pix Automático,65.80,0.00,66.79,2.80,,,1,,Assinatura,,main,2026-09-09T16:39:25.133435-03:00,2026-09-09T16:40:06.639017-03:00,,,,,2026-09-09T16:39:27.425949-03:00,,,,,,,,
5KtEMrv,FUSE OFICIAL,Checkout Principal,38b22rr,FUSE OFICIAL,paid,17.43,,Lidiane de Souza Santana dos Santos,souzalidiane03@gmail.com,5571984115591,,cpf,07386359527,Pix Automático,45.99,0.00,46.98,2.41,,,1,,Assinatura,8rJqs2V,main,2026-09-07T08:03:17.638542-03:00,2026-09-15T05:00:09.285880-03:00,,,2026-09-15T20:58:54.871073-03:00,,2026-08-16T20:58:54.902063-03:00,,,,,,,,
2Ull3li,FUSE OFICIAL,Checkout Principal,38b22rr,FUSE OFICIAL,paid,17.43,,Solange Santos,solanginhasol@hotmail.com,5511916681508,,cpf,40875204805,Pix Automático,45.99,0.00,46.98,2.41,,,1,,Assinatura,4ajjwVy,main,2026-09-07T08:02:03.176257-03:00,2026-09-15T04:06:11.504103-03:00,,,2026-09-15T14:12:01.837553-03:00,,2026-08-16T14:12:01.874336-03:00,,,,,,,,
8k9qPGW,FUSE OFICIAL,Checkout Principal,38b22rr,FUSE OFICIAL,paid,25.52,,Gisele Evelyn Dantas Santos,gi_blho@hotmail.com,5562992878634,,cpf,23576575880,PIX,65.80,0.00,66.79,1.99,,,1,,Assinatura,,main,2026-08-24T10:13:26.876147-03:00,2026-08-24T10:14:03.293878-03:00,,,,,2026-08-24T10:13:29.300386-03:00,,,,,,,,
xApotU,FUSE OFICIAL,Checkout Principal,38b22rr,FUSE OFICIAL,paid,23.88,,Anne Orzechowsky,anneorzechowsky695@gmail.com,5515998451034,,cpf,46694377800,Cartão de Crédito,65.80,0.00,65.80,6.09,,,1,,Assinatura,7WTokTa,main,2026-08-24T07:10:02.706786-03:00,2026-09-23T06:43:33.695967-03:00,,,2026-09-23T07:09:54.489347-03:00,,2026-08-26T07:09:57.814173-03:00,,,,,,,,
7WTokTa,FUSE OFICIAL,Checkout Principal,38b22rr,FUSE OFICIAL,paid,23.88,,Anne Orzechowsky,anneorzechowsky695@gmail.com,5515998451034,,cpf,46694377800,Cartão de Crédito,65.80,0.00,66.79,6.09,,,1,,Assinatura,,main,2026-08-24T07:09:51.998299-03:00,2026-08-24T07:10:00.313403-03:00,,,,,2026-08-26T07:09:54.367047-03:00,,,,,,,,
23Gzkid,FUSE OFICIAL,Checkout Principal,38b22rr,FUSE OFICIAL,paid,25.52,,Gabriela Fernanda,gabriela.fernanda@redesupermercado.com.br,5515997260232,,cpf,44011891835,PIX,65.80,0.00,66.79,1.99,,,1,,Assinatura,,main,2026-08-24T07:09:35.264849-03:00,2026-08-24T07:10:17.551028-03:00,,,,,2026-08-24T07:09:37.697248-03:00,,,,,,,,
zDsQwSc,FUSE OFICIAL,Checkout Principal,38b22rr,FUSE OFICIAL,paid,25.20,,Rayssa Millena Marques,marquesray86@gmail.com,5543999650939,,cpf,10395057914,Pix Automático,65.80,0.00,66.79,2.80,,,1,,Assinatura,,main,2026-08-24T07:01:55.433250-03:00,2026-08-24T07:03:43.646374-03:00,,,,,2026-08-24T07:01:58.249874-03:00,,,,,,,,
8Nl7hhj,FUSE OFICIAL,Checkout Principal,38b22rr,FUSE OFICIAL,paid,16.52,,Érika Nascimento Santos,ehriikaa17@hotmail.com,5519988712377,,cpf,45770479850,Cartão de Crédito,45.99,0.00,46.98,4.70,,,1,,Assinatura,7LKBLkL,main,2026-08-24T06:23:40.165643-03:00,2026-08-24T06:23:42.384413-03:00,,,2026-08-24T12:05:53.407394-03:00,,2026-07-27T12:05:57.250870-03:00,,,,,,,,
4MYr4vc,FUSE OFICIAL,Checkout Principal,38b22rr,FUSE OFICIAL,paid,23.88,,Mariaana Klein Viana,mariaanaviann7@gmail.com,5527996966321,,cpf,18513874710,Cartão de Crédito,65.80,0.00,65.80,6.09,,,1,,Assinatura,Ye2CEaF,main,2026-08-23T23:59:18.808609-03:00,2026-09-22T07:04:04.526465-03:00,,,2026-09-22T23:59:12.917943-03:00,,2026-08-25T23:59:16.123000-03:00,,,,,,,,
Ye2CEaF,FUSE OFICIAL,Checkout Principal,38b22rr,FUSE OFICIAL,paid,23.88,,Mariaana Klein Viana,mariaanaviann7@gmail.com,5527996966321,,cpf,18513874710,Cartão de Crédito,65.80,0.00,66.79,6.09,,,1,,Assinatura,,main,2026-08-23T23:59:10.467453-03:00,2026-08-23T23:59:18.753675-03:00,,,,,2026-08-25T23:59:12.852428-03:00,,,,,,,,
8FnvM9Y,FUSE OFICIAL,Checkout Principal,38b22rr,FUSE OFICIAL,paid,23.88,,Gabriela  Nascimento de Carvalho,gabioff1234@gmail.com,5584994916044,,cpf,71492721425,Cartão de Crédito,65.80,0.00,65.80,6.09,,,1,,Assinatura,8bxYrsD,main,2026-08-23T23:49:48.335655-03:00,2026-09-22T07:03:54.281221-03:00,,,2026-09-22T23:49:36.699659-03:00,,2026-08-25T23:49:39.854637-03:00,,,,,,,,
8bxYrsD,FUSE OFICIAL,Checkout Principal,38b22rr,FUSE OFICIAL,paid,23.88,,Gabriela  Nascimento de Carvalho,gabioff1234@gmail.com,5584994916044,,cpf,71492721425,Cartão de Crédito,65.80,0.00,66.79,6.09,,,1,,Assinatura,,main,2026-08-23T23:49:34.310566-03:00,2026-08-23T23:49:42.245692-03:00,,,,,2026-08-25T23:49:36.617105-03:00,,,,,,,,
7CBHwFk,FUSE OFICIAL,Checkout Principal,38b22rr,FUSE OFICIAL,paid,25.52,,Milena Souza Souza,mscontabil_@outlook.com,5581993363662,,cpf,10376918497,PIX,65.80,0.00,66.79,1.99,,,1,,Assinatura,,main,2026-08-23T23:38:18.899155-03:00,2026-08-23T23:38:51.498287-03:00,,,,,2026-08-23T23:38:21.189064-03:00,,,,,,,,
M8mUibp,FUSE OFICIAL,Checkout Principal,38b22rr,FUSE OFICIAL,paid,23.88,,Kelly Souza Silva,souz2kelly@gmail.com,5567992524668,,cpf,95048537220,Cartão de Crédito,65.80,0.00,66.79,6.09,,,1,,Assinatura,,main,2026-08-23T23:20:34.051866-03:00,2026-08-23T23:20:47.309860-03:00,,,,,2026-08-25T23:20:36.471836-03:00,,,,,,,,
Q9ZNsDB,FUSE OFICIAL,Checkout Principal,38b22rr,FUSE OFICIAL,paid,25.52,,Cryslayne Santos,scryslayne9@gmail.com,5583999533041,,cpf,13228231461,PIX,65.80,0.00,66.79,1.99,,,1,,Assinatura,,main,2026-08-23T23:18:59.681000-03:00,2026-08-23T23:20:07.704701-03:00,,,,,2026-08-23T23:19:02.313578-03:00,,,,,,,,
2VJLvXE,FUSE OFICIAL,Checkout Principal,38b22rr,FUSE OFICIAL,paid,23.88,,Bruna A Vidal,bruninhavidal25@hotmail.com,5519991751219,,cpf,42781840858,Cartão de Crédito,65.80,0.00,65.80,6.09,,,1,,Assinatura,3UWNqEy,main,2026-08-23T23:08:04.141693-03:00,2026-09-22T07:03:14.460589-03:00,,,2026-09-22T23:07:57.143310-03:00,,2026-08-25T23:08:00.989434-03:00,,,,,,,,
3UWNqEy,FUSE OFICIAL,Checkout Principal,38b22rr,FUSE OFICIAL,paid,23.88,,Bruna A Vidal,bruninhavidal25@hotmail.com,5519991751219,,cpf,42781840858,Cartão de Crédito,65.80,0.00,66.79,6.09,,,1,,Assinatura,,main,2026-08-23T23:07:54.471309-03:00,2026-08-23T23:08:03.978992-03:00,,,,,2026-08-25T23:07:57.053746-03:00,,,,,,,,
5Xdwe4i,FUSE OFICIAL,Checkout Principal,38b22rr,FUSE OFICIAL,paid,25.20,,Lorena Alves,lolysilvaalves3@gmail.com,5511983955217,,cpf,54972593830,Pix Automático,65.80,0.00,66.79,2.80,,,1,,Assinatura,,main,2026-08-23T23:00:22.553346-03:00,2026-08-23T23:04:36.614534-03:00,,,,,2026-08-23T23:00:25.399765-03:00,,,,,,,,
4mZbK6F,FUSE OFICIAL,Checkout Principal,38b22rr,FUSE OFICIAL,paid,25.52,,Sarah Hegler,sarah.heggler@gmail.com,5541992863320,,cpf,07676466903,PIX,65.80,0.00,66.79,1.99,,,1,,Assinatura,,main,2026-08-23T21:32:59.737581-03:00,2026-08-23T21:33:39.828391-03:00,,,,,2026-08-23T21:33:02.428464-03:00,,,,,,,,
9EPt5ht,FUSE OFICIAL,Checkout Principal,38b22rr,FUSE OFICIAL,paid,25.52,,Letícia Hegler,leticiahegler@gmail.com,5541991375861,,cpf,36748385830,PIX,65.80,0.00,66.79,1.99,,,1,,Assinatura,,main,2026-08-23T21:32:28.973538-03:00,2026-08-23T21:33:20.251702-03:00,,,,,,,,,,,,,
4X8edCZ,FUSE OFICIAL,Checkout Principal,38b22rr,FUSE OFICIAL,paid,23.88,,Raiza Luana de Miranda Costa da Silva,luanacosta.2619@gmail.com,5581996289644,,cpf,11233556495,Cartão de Crédito,65.80,0.00,65.80,6.09,,,1,,Assinatura,4HbuPPm,main,2026-08-23T20:40:36.619169-03:00,2026-09-22T07:00:52.968243-03:00,,,2026-09-22T20:40:28.965073-03:00,,2026-08-25T20:40:32.282501-03:00,,,,,,,,
4HbuPPm,FUSE OFICIAL,Checkout Principal,38b22rr,FUSE OFICIAL,paid,23.88,,Raiza Luana de Miranda Costa da Silva,luanacosta.2619@gmail.com,5581996289644,,cpf,11233556495,Cartão de Crédito,65.80,0.00,66.79,6.09,,,1,,Assinatura,,main,2026-08-23T20:40:26.533238-03:00,2026-08-23T20:40:34.963920-03:00,,,,,2026-08-25T20:40:28.892346-03:00,,,,,,,,
esH8GFo,FUSE OFICIAL,Checkout Principal,38b22rr,FUSE OFICIAL,paid,23.88,,Fabiana Casturina Ferreira,fabi.casturina123@gmail.com,5511982899647,,cpf,37303965874,Cartão de Crédito,65.80,0.00,66.79,6.09,,,1,,Assinatura,,main,2026-08-23T19:19:54.046489-03:00,2026-08-23T19:20:03.810610-03:00,,,,,2026-08-25T19:19:56.499029-03:00,,,,,,,,
3gpzivy,FUSE OFICIAL,Checkout Principal,38b22rr,FUSE OFICIAL,paid,25.52,,Clara Gomes Ribeiral,cribeiral@gmail.com,5532999890615,,cpf,13778531603,PIX,65.80,0.00,66.79,1.99,,,1,,Assinatura,,main,2026-08-22T13:29:07.130974-03:00,2026-08-22T13:29:45.083705-03:00,,,,,2026-08-22T13:29:09.512302-03:00,,,,,,,,
5K2Cs7H,FUSE OFICIAL,Checkout Principal,38b22rr,FUSE OFICIAL,paid,25.52,,LARAH CAMACHO MAGELA,larahmagela@gmail.com,5521984393568,,cpf,18500041706,PIX,65.80,0.00,66.79,1.99,,,1,,Assinatura,,main,2026-08-22T11:02:09.400951-03:00,2026-08-22T11:02:40.797928-03:00,,,,,,,,,,,,,
6wWqkhQ,FUSE OFICIAL,Checkout Principal,38b22rr,FUSE OFICIAL,paid,25.52,,Maria Luiza Rodrigues de lima,malurodriguesdelima@gmail.com,5562994941604,,cpf,71527855112,PIX,65.80,0.00,66.79,1.99,,,1,,Assinatura,,main,2026-08-22T10:52:37.923517-03:00,2026-08-22T10:53:13.310437-03:00,,,,,2026-08-22T10:52:40.312917-03:00,,,,,,,,
3oqQHk8,FUSE OFICIAL,Checkout Principal,38b22rr,FUSE OFICIAL,paid,25.20,,Amariles Paloma Rodrigues,amariles_rodrigues@outlook.com,5549999605744,,cpf,08909808969,Pix Automático,65.80,0.00,66.79,2.80,,,1,,Assinatura,,main,2026-08-21T22:55:51.938579-03:00,2026-08-21T22:56:28.456305-03:00,,,,,2026-08-21T22:55:54.376573-03:00,,,,,,,,
7Xk5p2U,FUSE OFICIAL,Checkout Principal,38b22rr,FUSE OFICIAL,paid,17.60,,Eduarda do Carmo Aleixo,eduardaaleixosm@gmail.com,5511989372349,,cpf,47018540852,PIX,45.99,0.00,46.98,1.99,,,1,,Assinatura,,main,2026-08-18T21:25:49.926217-03:00,2026-08-18T21:26:17.462224-03:00,,,,,2026-08-18T21:25:52.221827-03:00,,,,,,,,
7Agl9ox,FUSE OFICIAL,Checkout Principal,38b22rr,FUSE OFICIAL,paid,17.43,,Andressa Bezerra da Silva,andressadasilvadasilva32491@gmail.com,5511951656037,,cpf,42279521822,Pix Automático,45.99,0.00,46.98,2.41,,,1,,Assinatura,4j8iCWv,main,2026-08-18T08:17:01.593848-03:00,2026-08-29T20:54:18.293128-03:00,,,2026-08-29T00:16:45.784240-03:00,,2026-07-27T08:28:38.804150-03:00,,,,,,,,
3xUQssp,FUSE OFICIAL,Checkout Principal,38b22rr,FUSE OFICIAL,paid,17.43,,Amanda Rodrigues,amaintegrare@gmail.com,5567992364035,,cpf,03794732162,Pix Automático,45.99,0.00,46.98,2.41,,,1,,Assinatura,6Duhpjs,main,2026-08-17T08:12:35.928265-03:00,2026-08-25T04:45:16.062032-03:00,,,2026-08-25T13:16:05.186635-03:00,,2026-07-26T13:16:05.221127-03:00,,,,,,,,
8rJqs2V,FUSE OFICIAL,Checkout Principal,38b22rr,FUSE OFICIAL,paid,17.43,,Lidiane de Souza Santana dos Santos,souzalidiane03@gmail.com,5571984115591,,cpf,07386359527,Pix Automático,45.99,0.00,46.98,2.41,,,1,,Assinatura,,main,2026-08-16T20:58:18.964510-03:00,2026-08-16T20:58:54.213686-03:00,,,,,2026-08-16T20:58:21.412807-03:00,,,,,,,,
VybUXWj,FUSE OFICIAL,Checkout Principal,38b22rr,FUSE OFICIAL,paid,16.52,,Jennyffer Ribeiro da Silva,jennyffer2301@gmail.com,5562985754643,,cpf,05795706140,Cartão de Crédito,45.99,0.00,45.99,4.70,,,1,,Assinatura,85u34jL,main,2026-08-16T15:44:41.723787-03:00,2026-09-15T07:08:08.544061-03:00,,,2026-09-15T15:44:31.521590-03:00,,2026-08-18T15:44:34.857977-03:00,,,,,,,,
85u34jL,FUSE OFICIAL,Checkout Principal,38b22rr,FUSE OFICIAL,paid,16.52,,Jennyffer Ribeiro da Silva,jennyffer2301@gmail.com,5562985754643,,cpf,05795706140,Cartão de Crédito,45.99,0.00,46.98,4.70,,,1,,Assinatura,,main,2026-08-16T15:44:29.030454-03:00,2026-08-16T15:44:41.714785-03:00,,,,,2026-08-18T15:44:31.433637-03:00,,,,,,,,
4ajjwVy,FUSE OFICIAL,Checkout Principal,38b22rr,FUSE OFICIAL,paid,17.43,,Solange Santos,solanginhasol@hotmail.com,5511916681508,,cpf,40875204805,Pix Automático,45.99,0.00,46.98,2.41,,,1,,Assinatura,,main,2026-08-16T14:10:44.817720-03:00,2026-08-16T14:12:01.309200-03:00,,,,,2026-08-16T14:10:47.156897-03:00,,,,,,,,
7pd7XPp,FUSE OFICIAL,Checkout Principal,38b22rr,FUSE OFICIAL,paid,17.43,,Cailane Ribeiro,cailaner38@gmail.com,5575988014312,,cpf,08468373583,Pix Automático,45.99,0.00,46.98,2.41,,,1,,Assinatura,,main,2026-08-16T13:42:27.703440-03:00,2026-08-16T13:47:07.706549-03:00,,,,,2026-08-16T13:42:29.991823-03:00,,,,,,,,
7QFLzpH,FUSE OFICIAL,Checkout Principal,38b22rr,FUSE OFICIAL,paid,17.43,,Gabrielle Tomanari,tomanari.gabrielle@gmail.com,5511940887789,,cpf,42525002814,Pix Automático,45.99,0.00,46.98,2.41,,,1,,Assinatura,,main,2026-08-16T13:06:32.139986-03:00,2026-08-16T13:07:49.103630-03:00,,,,,2026-08-16T13:06:35.414815-03:00,,,,,,,,
94iyqje,FUSE OFICIAL,Checkout Principal,38b22rr,FUSE OFICIAL,paid,13.83,,Franciara Lima,franciara_fran@hotmail.com,5511947194893,,cpf,48621429829,Pix Automático,45.99,9.20,37.78,2.22,amigas,20.00,1,,Assinatura,6rYKziM,main,2026-08-06T08:11:13.381809-03:00,2026-08-14T19:19:40.250196-03:00,,,2026-08-14T20:18:42.512353-03:00,,2026-07-15T20:18:42.561264-03:00,,,,,,,,
5BgPrwM,FUSE OFICIAL,Checkout Principal,38b22rr,FUSE OFICIAL,paid,13.83,,RAIANE ALINE SILVA DE MENESES,rayanemeneses70@gmail.com,5516991420107,,cpf,36351887860,Pix Automático,45.99,9.20,37.78,2.22,amigas,20.00,1,,Assinatura,35vdSQ8,main,2026-08-06T08:10:58.215005-03:00,2026-08-14T07:55:11.790010-03:00,,,2026-08-14T17:18:04.974676-03:00,,2026-07-15T17:18:05.110422-03:00,,,,,,,,
8cTtNJN,FUSE OFICIAL,Checkout Principal,38b22rr,FUSE OFICIAL,paid,16.52,,Marina Vilaça,marinavilacac@gmail.com,5532984169840,,cpf,12101985683,Cartão de Crédito,45.99,0.00,45.99,4.70,,,1,,Assinatura,4jrCWt8,main,2026-07-30T15:20:45.779697-03:00,2026-09-28T06:52:54.781657-03:00,,,2026-09-28T15:20:35.140991-03:00,,2026-08-01T15:20:39.203982-03:00,,,,,,,,
5Nih2GV,FUSE OFICIAL,Checkout Principal,38b22rr,FUSE OFICIAL,paid,16.52,,Marina Vilaça,marinavilacac@gmail.com,5532984169840,,cpf,12101985683,Cartão de Crédito,45.99,0.00,45.99,4.70,,,1,,Assinatura,4jrCWt8,main,2026-07-30T15:20:43.816342-03:00,2026-08-29T06:49:23.624006-03:00,,,2026-08-29T15:20:35.140991-03:00,,2026-08-01T15:20:38.971332-03:00,,,,,,,,
4zPHef6,FUSE OFICIAL,Checkout Principal,38b22rr,FUSE OFICIAL,paid,16.52,,Thais Moreira,thaismoreirasap@gmail.com,5531975816341,,cpf,02208879694,Cartão de Crédito,45.99,0.00,45.99,4.70,,,1,,Assinatura,2sTHNt8,main,2026-07-26T17:51:04.793542-03:00,2026-09-24T07:00:44.313802-03:00,,,2026-09-24T17:50:55.250275-03:00,,2026-07-28T17:50:58.475507-03:00,,,,,,,,
7EBkMjm,FUSE OFICIAL,Checkout Principal,38b22rr,FUSE OFICIAL,paid,16.52,,Thais Moreira,thaismoreirasap@gmail.com,5531975816341,,cpf,02208879694,Cartão de Crédito,45.99,0.00,45.99,4.70,,,1,Dados incorretos do cartão. Verifique e tente novamente.,Assinatura,2sTHNt8,main,2026-07-26T17:51:03.565597-03:00,2026-08-28T07:23:31.243879-03:00,,,2026-08-28T17:51:12.616921-03:00,,2026-07-28T17:50:58.360725-03:00,,,,,,,,
2HHDzDT,FUSE OFICIAL,Checkout Principal,38b22rr,FUSE OFICIAL,paid,16.52,,Érika Nascimento Santos,ehriikaa17@hotmail.com,5519988712377,,cpf,45770479850,Cartão de Crédito,45.99,0.00,45.99,4.70,,,1,Saldo ou limite insuficiente para concluir a compra.,Assinatura,7LKBLkL,main,2026-07-25T12:06:03.898690-03:00,2026-09-24T06:34:34.395460-03:00,,,2026-09-24T06:54:12.591859-03:00,,2026-07-27T12:05:57.462845-03:00,,,,,,,,
96t4QZL-1,FUSE OFICIAL,,38b22rr,FUSE OFICIAL,paid,13.09,,Stephanie Duarte,nutri.stephanieduarte@gmail.com,5521997115096,,cpf,17782905745,Cartão de Crédito,36.79,,36.79,4.06,,,1,,Assinatura,96t4QZL-3,main,2026-07-15T15:59:54.294308-03:00,2026-08-14T16:02:10.303989-03:00,,,2026-08-14T15:59:40.996916-03:00,,2026-07-17T15:59:45.248083-03:00,,,,,,,,
96t4QZL-2,FUSE OFICIAL,,38b22rr,FUSE OFICIAL,paid,13.09,,Stephanie Duarte,nutri.stephanieduarte@gmail.com,5521997115096,,cpf,17782905745,Cartão de Crédito,36.79,,36.79,4.06,,,1,,Assinatura,96t4QZL-3,main,2026-07-15T15:59:49.399342-03:00,2026-09-13T06:49:00.071132-03:00,,,2026-09-13T15:59:40.996916-03:00,,2026-07-17T15:59:46.006591-03:00,,,,,,,,
36km7Vw,FUSE OFICIAL,Checkout Principal,38b22rr,FUSE OFICIAL,paid,13.09,,Amanda Caroline dos Santos Ferreira,as9233809@gmail.com,5541996662698,,cpf,09428558923,Cartão de Crédito,45.99,9.20,36.79,4.06,amigas,20.00,1,,Assinatura,HpfnNYc,main,2026-07-15T15:50:52.399204-03:00,2026-09-13T06:48:25.741490-03:00,,,2026-09-13T15:50:39.288713-03:00,,2026-07-17T15:50:42.957403-03:00,,,,,,,,
5KR9QoC,FUSE OFICIAL,Checkout Principal,38b22rr,FUSE OFICIAL,paid,13.09,,Amanda Caroline dos Santos Ferreira,as9233809@gmail.com,5541996662698,,cpf,09428558923,Cartão de Crédito,45.99,9.20,36.79,4.06,amigas,20.00,1,,Assinatura,HpfnNYc,main,2026-07-15T15:50:45.385350-03:00,2026-08-14T15:55:46.327062-03:00,,,2026-08-14T15:50:39.288713-03:00,,2026-07-17T15:50:42.833500-03:00,,,,,,,,
